{"epoch":50,"loss":0.21820438699796796,"_timestamp":1.742214884607502e+09,"test_accuracy":100,"_wandb":{"runtime":35},"_runtime":33.80202525,"_step":50}