{"test_accuracy":100,"_wandb":{"runtime":32},"_step":50,"epoch":50,"loss":0.2171561447903514,"_timestamp":1.742214240525478e+09,"_runtime":30.764994875}