{"_step":50,"test_accuracy":100,"_wandb":{"runtime":35},"epoch":50,"loss":0.22019712068140507,"_timestamp":1.7422145505836852e+09,"_runtime":33.970480791}