{"_timestamp":1.7422152912103748e+09,"_runtime":30.842940042,"_step":50,"epoch":50,"test_accuracy":100,"_wandb":{"runtime":32},"loss":0.2121212654747069}